{
    "Customer":"Customer E",
    "Sample_number":"123",
    "sample_location":"33",
    "site":"4",
    "Geothermal_well":"44",
    "Username_Date":"444",
    "Printout_Heading":"444",
    "Temperature_C":"0.00000000",
    "Pressure_barg":"0.00000000",
    "Enthalpy_kJ_kg":"0.00000000",
    "Discharge_kg_s":"0.00000000",
    "Water_phase_pH":"0.00000000",
    "pH_temp_C":"0.00000000",
    "CO2_in_water":"0.00000000",
    "H2S_in_water":"0.00000000",
    "NH3_in_water":"0.00000000",
    "H2_in_water":"0.00000000",
    "O2_in_water":"",
    "CH4_in_water":"0.00000000",
    "N2_in_water":"0.00000000",
    "SiO2_in_water":"0.00000000",
    "B_in_water":"0.00000000",
    "Al_in_water":"0.00000000",
    "Fe_in_water":"0.00000000",
    "Na_in_water":"0.00000000",
    "K_in_water":"0.00000000",
    "Mg_in_water":"0.00000000",
    "Ca_in_water":"0.00000000",
    "F_in_water":"0.00000000",
    "Cl_in_water":"0.00000000",
    "SO4_in_water":"0.00000000",
    "TDS_in_water":"0.00000000",
    "Gas_CO2_vol":"0.00000000",
    "Gas_H2S_vol":"0.00000000",
    "Gas_NH3_vol":"0.00000000",
    "Gas_H2_vol":"0.00000000",
    "Gas_O2_vol":"0.00000000",
    "Gas_CH4_vol":"0.00000000",
    "Gas_N2_vol":"0.00000000",
    "L_gas_kg_cond":"0.00000000",
    "Gas_coll_C":"0.00000000",
    "Steam_CO2":"0.00000000",
    "Steam_H2S":"0.00000000",
    "Steam_NH3":"0.00000000",
    "Condensate_pH":"0.00000000",
    "Cd_pH_temp":"0.00000000",
    "Condensate_CO2":"0.00000000",
    "Condensate_H2S":"0.00000000",
    "Condensate_NH3":"0.00000000",
    "Condensate_Na":"0.00000000",
    "inputConfig":{
       "Username_Date":"",
       "Printout_Heading":"",
       "TemperatureType":"",
       "measured_Temperature":"",
       "Input_Temperature":""
    }
 }